,Temperature (K),Luminosity(L/Lo),Radius(R/Ro),Absolute magnitude(Mv),Color_Blue,Color_Blue White,Color_Orange,Color_Orange-Red,Color_Pale yellow orange,Color_Red,Color_White,Color_Whitish,Color_Yellowish,Color_Yellowish White,Class_A,Class_B,Class_F,Class_G,Class_K,Class_M,Class_O
61,-0.7105897846866358,-0.6074278246108771,-0.45825453815464723,1.1531466830851482,-0.5498414147691576,-0.4181210050035455,-0.10976425998969036,0.0,-0.07738232325341368,1.0363754503432014,-0.23791547571544325,-0.07738232325341368,-0.10976425998969036,-0.22360679774997894,-0.32444284226152503,-0.4567637173913662,-0.2773500981126146,0.0,-0.1348399724926484,1.0240998426935128,-0.4279002121398116
210,1.368814082449145,-0.5325066359510738,-0.44634426250922205,-0.7994258961553706,-0.5498414147691576,2.39165214862028,-0.10976425998969036,0.0,-0.07738232325341368,-0.9649012813540153,-0.23791547571544325,-0.07738232325341368,-0.10976425998969036,-0.22360679774997894,-0.32444284226152503,2.189315748875859,-0.2773500981126146,0.0,-0.1348399724926484,-0.9764672918705589,-0.4279002121398116
52,-0.666403276885146,1.0294046542603692,1.8249858404782986,-1.323333046237858,-0.5498414147691576,-0.4181210050035455,-0.10976425998969036,0.0,-0.07738232325341368,1.0363754503432014,-0.23791547571544325,-0.07738232325341368,-0.10976425998969036,-0.22360679774997894,-0.32444284226152503,-0.4567637173913662,-0.2773500981126146,0.0,-0.1348399724926484,1.0240998426935128,-0.4279002121398116
66,-0.764119210804361,-0.6074278267170953,-0.4584417823584732,1.2857814046250182,-0.5498414147691576,-0.4181210050035455,-0.10976425998969036,0.0,-0.07738232325341368,1.0363754503432014,-0.23791547571544325,-0.07738232325341368,-0.10976425998969036,-0.22360679774997894,-0.32444284226152503,-0.4567637173913662,-0.2773500981126146,0.0,-0.1348399724926484,1.0240998426935128,-0.4279002121398116
26,-0.14583785164172403,-0.6074278237683897,-0.4586025807314495,0.893561585214259,-0.5498414147691576,2.39165214862028,-0.10976425998969036,0.0,-0.07738232325341368,-0.9649012813540153,-0.23791547571544325,-0.07738232325341368,-0.10976425998969036,-0.22360679774997894,3.082207001484488,-0.4567637173913662,-0.2773500981126146,0.0,-0.1348399724926484,-0.9764672918705589,-0.4279002121398116
176,0.890676498030039,0.5961254676095354,1.5585971793650626,-1.2380678681050845,1.8187062180825981,-0.4181210050035455,-0.10976425998969036,0.0,-0.07738232325341368,-0.9649012813540153,-0.23791547571544325,-0.07738232325341368,-0.10976425998969036,-0.22360679774997894,-0.32444284226152503,-0.4567637173913662,-0.2773500981126146,0.0,-0.1348399724926484,-0.9764672918705589,2.3369934663020477
162,0.3053701446894093,2.1126026208874533,-0.29840203796053805,-0.9841671154430472,1.8187062180825981,-0.4181210050035455,-0.10976425998969036,0.0,-0.07738232325341368,-0.9649012813540153,-0.23791547571544325,-0.07738232325341368,-0.10976425998969036,-0.22360679774997894,-0.32444284226152503,-0.4567637173913662,-0.2773500981126146,0.0,-0.1348399724926484,-0.9764672918705589,2.3369934663020477
213,1.33166224255635,-0.5668199404272274,-0.4458037637765286,-0.6933181189234744,-0.5498414147691576,2.39165214862028,-0.10976425998969036,0.0,-0.07738232325341368,-0.9649012813540153,-0.23791547571544325,-0.07738232325341368,-0.10976425998969036,-0.22360679774997894,-0.32444284226152503,2.189315748875859,-0.2773500981126146,0.0,-0.1348399724926484,-0.9764672918705589,-0.4279002121398116
40,-0.6672826103737329,0.5961254676095354,-0.4219446054333431,-1.10827531916964,-0.5498414147691576,-0.4181210050035455,-0.10976425998969036,0.0,-0.07738232325341368,1.0363754503432014,-0.23791547571544325,-0.07738232325341368,-0.10976425998969036,-0.22360679774997894,-0.32444284226152503,-0.4567637173913662,-0.2773500981126146,0.0,-0.1348399724926484,1.0240998426935128,-0.4279002121398116
13,-0.6890461142162577,-0.6074277955450649,-0.4578626765734444,0.541132182265461,-0.5498414147691576,-0.4181210050035455,-0.10976425998969036,0.0,-0.07738232325341368,1.0363754503432014,-0.23791547571544325,-0.07738232325341368,-0.10976425998969036,-0.22360679774997894,-0.32444284226152503,-0.4567637173913662,-0.2773500981126146,0.0,-0.1348399724926484,1.0240998426935128,-0.4279002121398116
3,-0.7800571302849979,-0.6074278274392273,-0.4583124487331501,1.125672347909032,-0.5498414147691576,-0.4181210050035455,-0.10976425998969036,0.0,-0.07738232325341368,1.0363754503432014,-0.23791547571544325,-0.07738232325341368,-0.10976425998969036,-0.22360679774997894,-0.32444284226152503,-0.4567637173913662,-0.2773500981126146,0.0,-0.1348399724926484,1.0240998426935128,-0.4279002121398116
226,-0.0005279926527451504,2.9665236845784717,-0.3041930958108258,-1.1397286959919521,1.8187062180825981,-0.4181210050035455,-0.10976425998969036,0.0,-0.07738232325341368,-0.9649012813540153,-0.23791547571544325,-0.07738232325341368,-0.10976425998969036,-0.22360679774997894,-0.32444284226152503,-0.4567637173913662,-0.2773500981126146,0.0,-0.1348399724926484,-0.9764672918705589,2.3369934663020477
24,0.7258014689200024,-0.6074277504118163,-0.4585942802151974,0.6747142946734732,-0.5498414147691576,2.39165214862028,-0.10976425998969036,0.0,-0.07738232325341368,-0.9649012813540153,-0.23791547571544325,-0.07738232325341368,-0.10976425998969036,-0.22360679774997894,-0.32444284226152503,2.189315748875859,-0.2773500981126146,0.0,-0.1348399724926484,-0.9764672918705589,-0.4279002121398116
30,3.1989269055705503,0.6201965335345817,-0.4381595674141488,-0.8970071555739895,1.8187062180825981,-0.4181210050035455,-0.10976425998969036,0.0,-0.07738232325341368,-0.9649012813540153,-0.23791547571544325,-0.07738232325341368,-0.10976425998969036,-0.22360679774997894,-0.32444284226152503,-0.4567637173913662,-0.2773500981126146,0.0,-0.1348399724926484,-0.9764672918705589,2.3369934663020477
214,2.6702276455577,0.5852934879432646,-0.44628635193071925,-0.8846910742881444,1.8187062180825981,-0.4181210050035455,-0.10976425998969036,0.0,-0.07738232325341368,-0.9649012813540153,-0.23791547571544325,-0.07738232325341368,-0.10976425998969036,-0.22360679774997894,-0.32444284226152503,-0.4567637173913662,-0.2773500981126146,0.0,-0.1348399724926484,-0.9764672918705589,2.3369934663020477
60,-0.7205922031193114,-0.6074277949432882,-0.45851127505267664,1.0858819314470711,-0.5498414147691576,-0.4181210050035455,-0.10976425998969036,0.0,-0.07738232325341368,1.0363754503432014,-0.23791547571544325,-0.07738232325341368,-0.10976425998969036,-0.22360679774997894,-0.32444284226152503,-0.4567637173913662,-0.2773500981126146,0.0,-0.1348399724926484,1.0240998426935128,-0.4279002121398116
56,-0.6855287802619102,1.5770214040551729,2.7708586226919625,-1.5810233623724634,-0.5498414147691576,-0.4181210050035455,-0.10976425998969036,0.0,-0.07738232325341368,1.0363754503432014,-0.23791547571544325,-0.07738232325341368,-0.10976425998969036,-0.22360679774997894,-0.32444284226152503,-0.4567637173913662,-0.2773500981126146,0.0,-0.1348399724926484,1.0240998426935128,-0.4279002121398116
130,-0.7476317078933573,-0.6074278274994048,-0.45767157166438494,0.5780804261229961,-0.5498414147691576,-0.4181210050035455,-0.10976425998969036,0.0,-0.07738232325341368,1.0363754503432014,-0.23791547571544325,-0.07738232325341368,-0.10976425998969036,-0.22360679774997894,-0.32444284226152503,-0.4567637173913662,-0.2773500981126146,0.0,-0.1348399724926484,1.0240998426935128,-0.4279002121398116
136,-0.7480713746376508,-0.607427779898872,-0.45815802052380905,0.6311343147389443,-0.5498414147691576,-0.4181210050035455,-0.10976425998969036,0.0,-0.07738232325341368,1.0363754503432014,-0.23791547571544325,-0.07738232325341368,-0.10976425998969036,-0.22360679774997894,-0.32444284226152503,-0.4567637173913662,-0.2773500981126146,0.0,-0.1348399724926484,1.0240998426935128,-0.4279002121398116
19,-0.7096005345119756,-0.6074275939498878,-0.4579437513833484,0.6074495430353961,-0.5498414147691576,-0.4181210050035455,-0.10976425998969036,0.0,-0.07738232325341368,1.0363754503432014,-0.23791547571544325,-0.07738232325341368,-0.10976425998969036,-0.22360679774997894,-0.32444284226152503,-0.4567637173913662,-0.2773500981126146,0.0,-0.1348399724926484,1.0240998426935128,-0.4279002121398116
178,0.24216805019722862,0.11470414910860904,0.9098056648711599,-1.1944878881705556,-0.5498414147691576,2.39165214862028,-0.10976425998969036,0.0,-0.07738232325341368,-0.9649012813540153,-0.23791547571544325,-0.07738232325341368,-0.10976425998969036,-0.22360679774997894,-0.32444284226152503,2.189315748875859,-0.2773500981126146,0.0,-0.1348399724926484,-0.9764672918705589,-0.4279002121398116
161,0.18358245652012897,0.9030315581538759,-0.38912861094837925,-1.0433790447019178,1.8187062180825981,-0.4181210050035455,-0.10976425998969036,0.0,-0.07738232325341368,-0.9649012813540153,-0.23791547571544325,-0.07738232325341368,-0.10976425998969036,-0.22360679774997894,-0.32444284226152503,-0.4567637173913662,-0.2773500981126146,0.0,-0.1348399724926484,-0.9764672918705589,2.3369934663020477
54,-0.6866279471226439,1.258079780548309,2.097165559441822,-1.189750933829846,-0.5498414147691576,-0.4181210050035455,-0.10976425998969036,0.0,-0.07738232325341368,1.0363754503432014,-0.23791547571544325,-0.07738232325341368,-0.10976425998969036,-0.22360679774997894,-0.32444284226152503,-0.4567637173913662,-0.2773500981126146,0.0,-0.1348399724926484,1.0240998426935128,-0.4279002121398116
191,-0.7298252047494734,-0.607427814200141,-0.4577333429481213,0.5648169539690092,-0.5498414147691576,-0.4181210050035455,-0.10976425998969036,0.0,-0.07738232325341368,1.0363754503432014,-0.23791547571544325,-0.07738232325341368,-0.10976425998969036,-0.22360679774997894,-0.32444284226152503,-0.4567637173913662,-0.2773500981126146,0.0,-0.1348399724926484,1.0240998426935128,-0.4279002121398116
80,-0.3074153801695598,-0.6074278268976283,-0.45859814092043094,0.8831402856646978,-0.5498414147691576,-0.4181210050035455,-0.10976425998969036,0.0,-0.07738232325341368,-0.9649012813540153,-0.23791547571544325,-0.07738232325341368,-0.10976425998969036,4.472135954999579,-0.32444284226152503,-0.4567637173913662,3.6055512754639896,0.0,-0.1348399724926484,-0.9764672918705589,-0.4279002121398116
51,-0.675636278515308,1.0956000855542465,1.9736229919690171,-1.174592679939575,-0.5498414147691576,-0.4181210050035455,-0.10976425998969036,0.0,-0.07738232325341368,1.0363754503432014,-0.23791547571544325,-0.07738232325341368,-0.10976425998969036,-0.22360679774997894,-0.32444284226152503,-0.4567637173913662,-0.2773500981126146,0.0,-0.1348399724926484,1.0240998426935128,-0.4279002121398116
171,-0.7031154500336475,0.22302394577131748,2.28247941065103,-1.2266991776873812,-0.5498414147691576,-0.4181210050035455,-0.10976425998969036,0.0,-0.07738232325341368,1.0363754503432014,-0.23791547571544325,-0.07738232325341368,-0.10976425998969036,-0.22360679774997894,-0.32444284226152503,-0.4567637173913662,-0.2773500981126146,0.0,-0.1348399724926484,1.0240998426935128,-0.4279002121398116
181,-0.767526628072635,-0.6074278248455699,-0.45839738424828763,1.290518358965728,-0.5498414147691576,-0.4181210050035455,-0.10976425998969036,0.0,-0.07738232325341368,1.0363754503432014,-0.23791547571544325,-0.07738232325341368,-0.10976425998969036,-0.22360679774997894,-0.32444284226152503,-0.4567637173913662,-0.2773500981126146,0.0,-0.1348399724926484,1.0240998426935128,-0.4279002121398116
124,-0.7019063664868406,-0.60742782479141,-0.45841089671660495,1.1701997187117028,-0.5498414147691576,-0.4181210050035455,-0.10976425998969036,0.0,-0.07738232325341368,1.0363754503432014,-0.23791547571544325,-0.07738232325341368,-0.10976425998969036,-0.22360679774997894,-0.32444284226152503,-0.4567637173913662,-0.2773500981126146,0.0,-0.1348399724926484,1.0240998426935128,-0.4279002121398116
86,0.23227554845062642,-0.6074278239489227,-0.45860354590775787,0.6974516755088795,-0.5498414147691576,2.39165214862028,-0.10976425998969036,0.0,-0.07738232325341368,-0.9649012813540153,-0.23791547571544325,-0.07738232325341368,-0.10976425998969036,-0.22360679774997894,-0.32444284226152503,2.189315748875859,-0.2773500981126146,0.0,-0.1348399724926484,-0.9764672918705589,-0.4279002121398116
126,-0.7652183776650946,-0.6074278234073237,-0.45844139628794983,1.1474623378762963,-0.5498414147691576,-0.4181210050035455,-0.10976425998969036,0.0,-0.07738232325341368,1.0363754503432014,-0.23791547571544325,-0.07738232325341368,-0.10976425998969036,-0.22360679774997894,-0.32444284226152503,-0.4567637173913662,-0.2773500981126146,0.0,-0.1348399724926484,1.0240998426935128,-0.4279002121398116
135,-0.7313640383545004,-0.6074278148019177,-0.4572121477415954,0.9456680829620653,-0.5498414147691576,-0.4181210050035455,-0.10976425998969036,0.0,-0.07738232325341368,1.0363754503432014,-0.23791547571544325,-0.07738232325341368,-0.10976425998969036,-0.22360679774997894,-0.32444284226152503,-0.4567637173913662,-0.2773500981126146,0.0,-0.1348399724926484,1.0240998426935128,-0.4279002121398116
169,-0.05757475272481779,1.9472343979823852,-0.41229284234953023,-1.0192205775642986,1.8187062180825981,-0.4181210050035455,-0.10976425998969036,0.0,-0.07738232325341368,-0.9649012813540153,-0.23791547571544325,-0.07738232325341368,-0.10976425998969036,-0.22360679774997894,-0.32444284226152503,-0.4567637173913662,-0.2773500981126146,0.0,-0.1348399724926484,-0.9764672918705589,2.3369934663020477
123,-0.7420259569036162,-0.6074278277401155,-0.45844139628794983,1.1512519013488642,-0.5498414147691576,-0.4181210050035455,-0.10976425998969036,0.0,-0.07738232325341368,1.0363754503432014,-0.23791547571544325,-0.07738232325341368,-0.10976425998969036,-0.22360679774997894,-0.32444284226152503,-0.4567637173913662,-0.2773500981126146,0.0,-0.1348399724926484,1.0240998426935128,-0.4279002121398116
41,-0.7179542026535508,1.4386127749861566,-0.4142231949662928,-1.039115785795279,-0.5498414147691576,-0.4181210050035455,-0.10976425998969036,0.0,-0.07738232325341368,1.0363754503432014,-0.23791547571544325,-0.07738232325341368,-0.10976425998969036,-0.22360679774997894,-0.32444284226152503,-0.4567637173913662,-0.2773500981126146,0.0,-0.1348399724926484,1.0240998426935128,-0.4279002121398116
14,-0.7965446331960016,-0.6074278250321207,-0.45835105578548535,0.6644824732975403,-0.5498414147691576,-0.4181210050035455,-0.10976425998969036,0.0,-0.07738232325341368,1.0363754503432014,-0.23791547571544325,-0.07738232325341368,-0.10976425998969036,-0.22360679774997894,-0.32444284226152503,-0.4567637173913662,-0.2773500981126146,0.0,-0.1348399724926484,1.0240998426935128,-0.4279002121398116
27,-0.2414653685255452,-0.6074278279808263,-0.4585965966383375,0.9191411386540913,-0.5498414147691576,-0.4181210050035455,-0.10976425998969036,0.0,-0.07738232325341368,-0.9649012813540153,-0.23791547571544325,-0.07738232325341368,-0.10976425998969036,4.472135954999579,-0.32444284226152503,-0.4567637173913662,3.6055512754639896,0.0,-0.1348399724926484,-0.9764672918705589,-0.4279002121398116
50,-0.704214616894381,1.017369121297846,2.4755146723272876,-1.3422808636006969,-0.5498414147691576,-0.4181210050035455,-0.10976425998969036,0.0,-0.07738232325341368,1.0363754503432014,-0.23791547571544325,-0.07738232325341368,-0.10976425998969036,-0.22360679774997894,-0.32444284226152503,-0.4567637173913662,-0.2773500981126146,0.0,-0.1348399724926484,1.0240998426935128,-0.4279002121398116
217,1.0445598585327398,-0.5417138186674041,-0.44698127887275374,-0.7435298349349968,-0.5498414147691576,2.39165214862028,-0.10976425998969036,0.0,-0.07738232325341368,-0.9649012813540153,-0.23791547571544325,-0.07738232325341368,-0.10976425998969036,-0.22360679774997894,-0.32444284226152503,2.189315748875859,-0.2773500981126146,0.0,-0.1348399724926484,-0.9764672918705589,-0.4279002121398116
20,1.6600933005435428,-0.6074274916478576,-0.4586050901898513,0.5506060909468803,-0.5498414147691576,2.39165214862028,-0.10976425998969036,0.0,-0.07738232325341368,-0.9649012813540153,-0.23791547571544325,-0.07738232325341368,-0.10976425998969036,-0.22360679774997894,-0.32444284226152503,2.189315748875859,-0.2773500981126146,0.0,-0.1348399724926484,-0.9764672918705589,-0.4279002121398116
159,3.067026882282521,0.613576990405194,-0.44537908620084077,-0.8837436834200023,1.8187062180825981,-0.4181210050035455,-0.10976425998969036,0.0,-0.07738232325341368,-0.9649012813540153,-0.23791547571544325,-0.07738232325341368,-0.10976425998969036,-0.22360679774997894,-0.32444284226152503,-0.4567637173913662,-0.2773500981126146,0.0,-0.1348399724926484,-0.9764672918705589,2.3369934663020477
46,-0.6948716985781457,0.13275744855239377,-0.37175543739751604,-1.0940644561475112,-0.5498414147691576,-0.4181210050035455,-0.10976425998969036,0.0,-0.07738232325341368,1.0363754503432014,-0.23791547571544325,-0.07738232325341368,-0.10976425998969036,-0.22360679774997894,-0.32444284226152503,-0.4567637173913662,-0.2773500981126146,0.0,-0.1348399724926484,1.0240998426935128,-0.4279002121398116
188,-0.7824752973786118,-0.6074278235336967,-0.4584051056587547,1.3909417909887725,-0.5498414147691576,-0.4181210050035455,-0.10976425998969036,0.0,-0.07738232325341368,1.0363754503432014,-0.23791547571544325,-0.07738232325341368,-0.10976425998969036,-0.22360679774997894,-0.32444284226152503,-0.4567637173913662,-0.2773500981126146,0.0,-0.1348399724926484,1.0240998426935128,-0.4279002121398116
235,3.192331904406149,1.6482115815284974,2.1589368431782248,-1.3924925796122192,1.8187062180825981,-0.4181210050035455,-0.10976425998969036,0.0,-0.07738232325341368,-0.9649012813540153,-0.23791547571544325,-0.07738232325341368,-0.10976425998969036,-0.22360679774997894,-0.32444284226152503,-0.4567637173913662,-0.2773500981126146,0.0,-0.1348399724926484,-0.9764672918705589,2.3369934663020477
138,-0.7224607867825584,-0.6074278081823745,-0.4579649852621328,0.7069255841902988,-0.5498414147691576,-0.4181210050035455,-0.10976425998969036,0.0,-0.07738232325341368,1.0363754503432014,-0.23791547571544325,-0.07738232325341368,-0.10976425998969036,-0.22360679774997894,-0.32444284226152503,-0.4567637173913662,-0.2773500981126146,0.0,-0.1348399724926484,1.0240998426935128,-0.4279002121398116
209,1.0401631910898055,-0.6074278211205725,-0.4586020402327168,0.649134741233641,1.8187062180825981,-0.4181210050035455,-0.10976425998969036,0.0,-0.07738232325341368,-0.9649012813540153,-0.23791547571544325,-0.07738232325341368,-0.10976425998969036,-0.22360679774997894,-0.32444284226152503,2.189315748875859,-0.2773500981126146,0.0,-0.1348399724926484,-0.9764672918705589,-0.4279002121398116
62,-0.7599423767335735,-0.6074278271985166,-0.4584398520058564,1.0726184592930839,-0.5498414147691576,-0.4181210050035455,-0.10976425998969036,0.0,-0.07738232325341368,1.0363754503432014,-0.23791547571544325,-0.07738232325341368,-0.10976425998969036,-0.22360679774997894,-0.32444284226152503,-0.4567637173913662,-0.2773500981126146,0.0,-0.1348399724926484,1.0240998426935128,-0.4279002121398116
206,1.5523749481916522,-0.6074278190745318,-0.45859678967359924,0.5477639183424545,1.8187062180825981,-0.4181210050035455,-0.10976425998969036,0.0,-0.07738232325341368,-0.9649012813540153,-0.23791547571544325,-0.07738232325341368,-0.10976425998969036,-0.22360679774997894,-0.32444284226152503,2.189315748875859,-0.2773500981126146,0.0,-0.1348399724926484,-0.9764672918705589,-0.4279002121398116
2,-0.8020404674996694,-0.6074278268374506,-0.45842440918492233,1.3198874758781278,-0.5498414147691576,-0.4181210050035455,-0.10976425998969036,0.0,-0.07738232325341368,1.0363754503432014,-0.23791547571544325,-0.07738232325341368,-0.10976425998969036,-0.22360679774997894,-0.32444284226152503,-0.4567637173913662,-0.2773500981126146,0.0,-0.1348399724926484,1.0240998426935128,-0.4279002121398116
59,-0.69926836602108,0.5660366352032276,2.5257038403631147,-1.5279694737565153,-0.5498414147691576,-0.4181210050035455,-0.10976425998969036,0.0,-0.07738232325341368,1.0363754503432014,-0.23791547571544325,-0.07738232325341368,-0.10976425998969036,-0.22360679774997894,-0.32444284226152503,-0.4567637173913662,-0.2773500981126146,0.0,-0.1348399724926484,1.0240998426935128,-0.4279002121398116
146,0.3314203992887951,-0.6074278243701664,-0.4586030633196037,0.7637690362788147,-0.5498414147691576,2.39165214862028,-0.10976425998969036,0.0,-0.07738232325341368,-0.9649012813540153,-0.23791547571544325,-0.07738232325341368,-0.10976425998969036,-0.22360679774997894,-0.32444284226152503,2.189315748875859,-0.2773500981126146,0.0,-0.1348399724926484,-0.9764672918705589,-0.4279002121398116
223,1.488623270269105,2.62670041138163,-0.3022627431940632,-1.0177994912620856,1.8187062180825981,-0.4181210050035455,-0.10976425998969036,0.0,-0.07738232325341368,-0.9649012813540153,-0.23791547571544325,-0.07738232325341368,-0.10976425998969036,-0.22360679774997894,-0.32444284226152503,-0.4567637173913662,-0.2773500981126146,0.0,-0.1348399724926484,-0.9764672918705589,2.3369934663020477
43,-0.7360904558556548,0.5660366352032276,-0.4258053106668683,-1.135749654345756,-0.5498414147691576,-0.4181210050035455,-0.10976425998969036,0.0,-0.07738232325341368,1.0363754503432014,-0.23791547571544325,-0.07738232325341368,-0.10976425998969036,-0.22360679774997894,-0.32444284226152503,-0.4567637173913662,-0.2773500981126146,0.0,-0.1348399724926484,1.0240998426935128,-0.4279002121398116
187,-0.7048741170108213,-0.6074278253269912,-0.4584286559606792,1.127567129645316,-0.5498414147691576,-0.4181210050035455,-0.10976425998969036,0.0,-0.07738232325341368,1.0363754503432014,-0.23791547571544325,-0.07738232325341368,-0.10976425998969036,-0.22360679774997894,-0.32444284226152503,-0.4567637173913662,-0.2773500981126146,0.0,-0.1348399724926484,1.0240998426935128,-0.4279002121398116
10,-0.6921237814263117,-0.6074278111912577,-0.4576368253172832,0.5610273904964415,-0.5498414147691576,-0.4181210050035455,-0.10976425998969036,0.0,-0.07738232325341368,1.0363754503432014,-0.23791547571544325,-0.07738232325341368,-0.10976425998969036,-0.22360679774997894,-0.32444284226152503,-0.4567637173913662,-0.2773500981126146,0.0,-0.1348399724926484,1.0240998426935128,-0.4279002121398116
137,-0.6923436147984584,-0.6074278220232374,-0.45754030768644505,0.8992459304231106,-0.5498414147691576,-0.4181210050035455,-0.10976425998969036,0.0,-0.07738232325341368,1.0363754503432014,-0.23791547571544325,-0.07738232325341368,-0.10976425998969036,-0.22360679774997894,-0.32444284226152503,-0.4567637173913662,-0.2773500981126146,0.0,-0.1348399724926484,1.0240998426935128,-0.4279002121398116
189,-0.7005873662539602,-0.6074278228837781,-0.45837228966426974,1.0972506218647742,-0.5498414147691576,-0.4181210050035455,-0.10976425998969036,0.0,-0.07738232325341368,1.0363754503432014,-0.23791547571544325,-0.07738232325341368,-0.10976425998969036,-0.22360679774997894,-0.32444284226152503,-0.4567637173913662,-0.2773500981126146,0.0,-0.1348399724926484,1.0240998426935128,-0.4279002121398116
112,-0.6904750311352114,0.5961254676095354,2.6975052232549843,-1.5251273011520892,-0.5498414147691576,-0.4181210050035455,-0.10976425998969036,0.0,-0.07738232325341368,1.0363754503432014,-0.23791547571544325,-0.07738232325341368,-0.10976425998969036,-0.22360679774997894,-0.32444284226152503,-0.4567637173913662,-0.2773500981126146,0.0,-0.1348399724926484,1.0240998426935128,-0.4279002121398116
173,1.7700099866169006,1.2941863794358786,2.782440738392538,-1.3138591375564388,1.8187062180825981,-0.4181210050035455,-0.10976425998969036,0.0,-0.07738232325341368,-0.9649012813540153,-0.23791547571544325,-0.07738232325341368,-0.10976425998969036,-0.22360679774997894,-0.32444284226152503,2.189315748875859,-0.2773500981126146,0.0,-0.1348399724926484,-0.9764672918705589,-0.4279002121398116
98,0.2419482168250819,-0.6032815875371913,-0.44508953330832646,-0.44983866581099835,-0.5498414147691576,2.39165214862028,-0.10976425998969036,0.0,-0.07738232325341368,-0.9649012813540153,-0.23791547571544325,-0.07738232325341368,-0.10976425998969036,-0.22360679774997894,3.082207001484488,-0.4567637173913662,-0.2773500981126146,0.0,-0.1348399724926484,-0.9764672918705589,-0.4279002121398116
150,2.1613133890380536,0.5239122698343964,-0.4470005823989214,-0.8316371856721962,-0.5498414147691576,2.39165214862028,-0.10976425998969036,0.0,-0.07738232325341368,-0.9649012813540153,-0.23791547571544325,-0.07738232325341368,-0.10976425998969036,-0.22360679774997894,-0.32444284226152503,2.189315748875859,-0.2773500981126146,0.0,-0.1348399724926484,-0.9764672918705589,-0.4279002121398116
93,-0.5404387546450781,-0.6074256803001468,-0.4564400066948904,0.0011193874245606066,-0.5498414147691576,-0.4181210050035455,-0.10976425998969036,0.0,-0.07738232325341368,-0.9649012813540153,-0.23791547571544325,-0.07738232325341368,9.110433579144301,-0.22360679774997894,-0.32444284226152503,-0.4567637173913662,-0.2773500981126146,0.0,7.416198487095662,-0.9764672918705589,-0.4279002121398116
160,1.7029608081121523,0.7345340966785517,-0.3485912059963651,-1.012588841487305,1.8187062180825981,-0.4181210050035455,-0.10976425998969036,0.0,-0.07738232325341368,-0.9649012813540153,-0.23791547571544325,-0.07738232325341368,-0.10976425998969036,-0.22360679774997894,-0.32444284226152503,-0.4567637173913662,-0.2773500981126146,0.0,-0.1348399724926484,-0.9764672918705589,2.3369934663020477
229,1.30154507057225,3.8992173115092044,-0.28102886440967484,-1.1476867792843444,1.8187062180825981,-0.4181210050035455,-0.10976425998969036,0.0,-0.07738232325341368,-0.9649012813540153,-0.23791547571544325,-0.07738232325341368,-0.10976425998969036,-0.22360679774997894,-0.32444284226152503,-0.4567637173913662,-0.2773500981126146,0.0,-0.1348399724926484,-0.9764672918705589,2.3369934663020477
113,-0.7142170353270566,0.0966508496648243,2.40988268335736,-1.4862842755582704,-0.5498414147691576,-0.4181210050035455,-0.10976425998969036,0.0,-0.07738232325341368,1.0363754503432014,-0.23791547571544325,-0.07738232325341368,-0.10976425998969036,-0.22360679774997894,-0.32444284226152503,-0.4567637173913662,-0.2773500981126146,0.0,-0.1348399724926484,1.0240998426935128,-0.4279002121398116
0,-0.750599458417338,-0.607427814200141,-0.4582931452069825,1.0754606318975097,-0.5498414147691576,-0.4181210050035455,-0.10976425998969036,0.0,-0.07738232325341368,1.0363754503432014,-0.23791547571544325,-0.07738232325341368,-0.10976425998969036,-0.22360679774997894,-0.32444284226152503,-0.4567637173913662,-0.2773500981126146,0.0,-0.1348399724926484,1.0240998426935128,-0.4279002121398116
94,-0.09527617604797947,-0.6071570291511238,-0.45354447776974655,-0.31436177166670226,-0.5498414147691576,2.39165214862028,-0.10976425998969036,0.0,-0.07738232325341368,-0.9649012813540153,-0.23791547571544325,-0.07738232325341368,-0.10976425998969036,-0.22360679774997894,3.082207001484488,-0.4567637173913662,-0.2773500981126146,0.0,-0.1348399724926484,-0.9764672918705589,-0.4279002121398116
95,0.1487388670348746,-0.6033838895673728,-0.4451474438868293,-0.6696333472199262,-0.5498414147691576,2.39165214862028,-0.10976425998969036,0.0,-0.07738232325341368,-0.9649012813540153,-0.23791547571544325,-0.07738232325341368,-0.10976425998969036,-0.22360679774997894,3.082207001484488,-0.4567637173913662,-0.2773500981126146,0.0,-0.1348399724926484,-0.9764672918705589,-0.4279002121398116
69,-0.7722530455737895,-0.6074278243099887,-0.45838966283782057,1.3890470092524887,-0.5498414147691576,-0.4181210050035455,-0.10976425998969036,0.0,-0.07738232325341368,1.0363754503432014,-0.23791547571544325,-0.07738232325341368,-0.10976425998969036,-0.22360679774997894,-0.32444284226152503,-0.4567637173913662,-0.2773500981126146,0.0,-0.1348399724926484,1.0240998426935128,-0.4279002121398116
49,2.6218643036854226,0.716480797234767,-0.40843213711600507,-1.0296418771138598,1.8187062180825981,-0.4181210050035455,-0.10976425998969036,0.0,-0.07738232325341368,-0.9649012813540153,-0.23791547571544325,-0.07738232325341368,-0.10976425998969036,-0.22360679774997894,-0.32444284226152503,2.189315748875859,-0.2773500981126146,0.0,-0.1348399724926484,-0.9764672918705589,-0.4279002121398116
48,-0.6893758642744778,0.49984120390935016,-0.2964716853437755,-1.0902748926749433,-0.5498414147691576,-0.4181210050035455,-0.10976425998969036,0.0,-0.07738232325341368,1.0363754503432014,-0.23791547571544325,-0.07738232325341368,-0.10976425998969036,-0.22360679774997894,-0.32444284226152503,-0.4567637173913662,-0.2773500981126146,0.0,-0.1348399724926484,1.0240998426935128,-0.4279002121398116
85,-0.02437991353066377,-0.6074278259347856,-0.4586002643083094,0.8727189861151367,-0.5498414147691576,2.39165214862028,-0.10976425998969036,0.0,-0.07738232325341368,-0.9649012813540153,-0.23791547571544325,-0.07738232325341368,-0.10976425998969036,-0.22360679774997894,3.082207001484488,-0.4567637173913662,-0.2773500981126146,0.0,-0.1348399724926484,-0.9764672918705589,-0.4279002121398116
237,-0.11736942994872437,2.62707953066995,2.2882704685013175,-1.4682838490635737,-0.5498414147691576,-0.4181210050035455,-0.10976425998969036,0.0,-0.07738232325341368,-0.9649012813540153,4.203173404306164,-0.07738232325341368,-0.10976425998969036,-0.22360679774997894,3.082207001484488,-0.4567637173913662,-0.2773500981126146,0.0,-0.1348399724926484,-0.9764672918705589,-0.4279002121398116
141,1.2226248899715793,-0.6074278196161308,-0.45859968520252437,0.6396608325522217,1.8187062180825981,-0.4181210050035455,-0.10976425998969036,0.0,-0.07738232325341368,-0.9649012813540153,-0.23791547571544325,-0.07738232325341368,-0.10976425998969036,-0.22360679774997894,-0.32444284226152503,2.189315748875859,-0.2773500981126146,0.0,-0.1348399724926484,-0.9764672918705589,-0.4279002121398116
23,-0.15353201966685906,-0.6074278256338973,-0.4586020016256645,0.921983311258517,-0.5498414147691576,-0.4181210050035455,-0.10976425998969036,0.0,-0.07738232325341368,-0.9649012813540153,4.203173404306164,-0.07738232325341368,-0.10976425998969036,-0.22360679774997894,3.082207001484488,-0.4567637173913662,-0.2773500981126146,0.0,-0.1348399724926484,-0.9764672918705589,-0.4279002121398116
143,0.5081664304947542,-0.607427823708212,-0.4586025421243972,0.677556467277899,-0.5498414147691576,2.39165214862028,-0.10976425998969036,0.0,-0.07738232325341368,-0.9649012813540153,-0.23791547571544325,-0.07738232325341368,-0.10976425998969036,-0.22360679774997894,-0.32444284226152503,2.189315748875859,-0.2773500981126146,0.0,-0.1348399724926484,-0.9764672918705589,-0.4279002121398116
78,-0.7997322170921289,-0.6074278250321207,-0.45843213059538934,0.7618742545425308,-0.5498414147691576,-0.4181210050035455,-0.10976425998969036,0.0,-0.07738232325341368,1.0363754503432014,-0.23791547571544325,-0.07738232325341368,-0.10976425998969036,-0.22360679774997894,-0.32444284226152503,-0.4567637173913662,-0.2773500981126146,0.0,-0.1348399724926484,1.0240998426935128,-0.4279002121398116
100,2.5724017949524116,0.8368361268599985,-0.43545707375068116,-1.067537511839537,1.8187062180825981,-0.4181210050035455,-0.10976425998969036,0.0,-0.07738232325341368,-0.9649012813540153,-0.23791547571544325,-0.07738232325341368,-0.10976425998969036,-0.22360679774997894,-0.32444284226152503,2.189315748875859,-0.2773500981126146,0.0,-0.1348399724926484,-0.9764672918705589,-0.4279002121398116
131,-0.6913543646237982,-0.6074278272586943,-0.4578877711574623,0.527868710111474,-0.5498414147691576,-0.4181210050035455,-0.10976425998969036,0.0,-0.07738232325341368,1.0363754503432014,-0.23791547571544325,-0.07738232325341368,-0.10976425998969036,-0.22360679774997894,-0.32444284226152503,-0.4567637173913662,-0.2773500981126146,0.0,-0.1348399724926484,1.0240998426935128,-0.4279002121398116
205,1.1017165352908858,-0.6074278192550648,-0.4585938941446741,0.6226077969256669,1.8187062180825981,-0.4181210050035455,-0.10976425998969036,0.0,-0.07738232325341368,-0.9649012813540153,-0.23791547571544325,-0.07738232325341368,-0.10976425998969036,-0.22360679774997894,-0.32444284226152503,2.189315748875859,-0.2773500981126146,0.0,-0.1348399724926484,-0.9764672918705589,-0.4279002121398116
238,-0.07274325540294115,1.8294065302792835,1.6879308046881554,-1.51565339247067,-0.5498414147691576,-0.4181210050035455,-0.10976425998969036,0.0,-0.07738232325341368,-0.9649012813540153,4.203173404306164,-0.07738232325341368,-0.10976425998969036,-0.22360679774997894,3.082207001484488,-0.4567637173913662,-0.2773500981126146,0.0,-0.1348399724926484,-0.9764672918705589,-0.4279002121398116
6,-0.7979735501149552,-0.607427824249811,-0.45837615036950324,1.179673627393122,-0.5498414147691576,-0.4181210050035455,-0.10976425998969036,0.0,-0.07738232325341368,1.0363754503432014,-0.23791547571544325,-0.07738232325341368,-0.10976425998969036,-0.22360679774997894,-0.32444284226152503,-0.4567637173913662,-0.2773500981126146,0.0,-0.1348399724926484,1.0240998426935128,-0.4279002121398116
68,-0.7829149641229052,-0.6074278264763846,-0.4583935235430541,1.195779272151535,-0.5498414147691576,-0.4181210050035455,-0.10976425998969036,0.0,-0.07738232325341368,1.0363754503432014,-0.23791547571544325,-0.07738232325341368,-0.10976425998969036,-0.22360679774997894,-0.32444284226152503,-0.4567637173913662,-0.2773500981126146,0.0,-0.1348399724926484,1.0240998426935128,-0.4279002121398116
84,0.462001422343944,-0.6074278246108771,-0.45860412501354286,0.7012412389814472,-0.5498414147691576,2.39165214862028,-0.10976425998969036,0.0,-0.07738232325341368,-0.9649012813540153,-0.23791547571544325,-0.07738232325341368,-0.10976425998969036,-0.22360679774997894,-0.32444284226152503,2.189315748875859,-0.2773500981126146,0.0,-0.1348399724926484,-0.9764672918705589,-0.4279002121398116
121,-0.6997080327653734,-0.6074278230462578,-0.45843290273643605,1.4373639435277272,-0.5498414147691576,-0.4181210050035455,-0.10976425998969036,0.0,-0.07738232325341368,1.0363754503432014,-0.23791547571544325,-0.07738232325341368,-0.10976425998969036,-0.22360679774997894,-0.32444284226152503,-0.4567637173913662,-0.2773500981126146,0.0,-0.1348399724926484,1.0240998426935128,-0.4279002121398116
224,0.7573475578230561,0.877335695278889,-0.33893944291255224,-1.053326648817408,1.8187062180825981,-0.4181210050035455,-0.10976425998969036,0.0,-0.07738232325341368,-0.9649012813540153,-0.23791547571544325,-0.07738232325341368,-0.10976425998969036,-0.22360679774997894,-0.32444284226152503,-0.4567637173913662,-0.2773500981126146,0.0,-0.1348399724926484,-0.9764672918705589,2.3369934663020477
180,-0.7766497130167238,-0.6074278272526765,-0.45844467788739834,1.0839871497107871,-0.5498414147691576,-0.4181210050035455,-0.10976425998969036,0.0,-0.07738232325341368,1.0363754503432014,-0.23791547571544325,-0.07738232325341368,-0.10976425998969036,-0.22360679774997894,-0.32444284226152503,-0.4567637173913662,-0.2773500981126146,0.0,-0.1348399724926484,1.0240998426935128,-0.4279002121398116
203,0.37846474092819216,-0.6074278220834151,-0.45859891306147765,0.7704007723558082,1.8187062180825981,-0.4181210050035455,-0.10976425998969036,0.0,-0.07738232325341368,-0.9649012813540153,-0.23791547571544325,-0.07738232325341368,-0.10976425998969036,-0.22360679774997894,-0.32444284226152503,2.189315748875859,-0.2773500981126146,0.0,-0.1348399724926484,-0.9764672918705589,-0.4279002121398116
198,-0.7224607867825584,-0.6074277895272984,-0.4577121090693369,0.7590320819381049,-0.5498414147691576,-0.4181210050035455,-0.10976425998969036,0.0,-0.07738232325341368,1.0363754503432014,-0.23791547571544325,-0.07738232325341368,-0.10976425998969036,-0.22360679774997894,-0.32444284226152503,-0.4567637173913662,-0.2773500981126146,0.0,-0.1348399724926484,1.0240998426935128,-0.4279002121398116
182,-0.7120187016055894,-0.6074278271684277,-0.45837808072212,1.2118849169099477,-0.5498414147691576,-0.4181210050035455,-0.10976425998969036,0.0,-0.07738232325341368,1.0363754503432014,-0.23791547571544325,-0.07738232325341368,-0.10976425998969036,-0.22360679774997894,-0.32444284226152503,-0.4567637173913662,-0.2773500981126146,0.0,-0.1348399724926484,1.0240998426935128,-0.4279002121398116
91,-0.5903409301223825,-0.6074269079245089,-0.45695155013833244,0.16463905126585782,-0.5498414147691576,-0.4181210050035455,-0.10976425998969036,0.0,-0.07738232325341368,-0.9649012813540153,-0.23791547571544325,-0.07738232325341368,9.110433579144301,-0.22360679774997894,-0.32444284226152503,-0.4567637173913662,-0.2773500981126146,0.0,7.416198487095662,-0.9764672918705589,-0.4279002121398116
204,0.9280481712949806,-0.6074278205789735,-0.45859736877938423,0.6112391065079639,1.8187062180825981,-0.4181210050035455,-0.10976425998969036,0.0,-0.07738232325341368,-0.9649012813540153,-0.23791547571544325,-0.07738232325341368,-0.10976425998969036,-0.22360679774997894,-0.32444284226152503,2.189315748875859,-0.2773500981126146,0.0,-0.1348399724926484,-0.9764672918705589,-0.4279002121398116
11,-0.7438945405668632,-0.6074277552260295,-0.45789529953266767,0.6652403859920538,-0.5498414147691576,-0.4181210050035455,-0.10976425998969036,0.0,-0.07738232325341368,1.0363754503432014,-0.23791547571544325,-0.07738232325341368,-0.10976425998969036,-0.22360679774997894,-0.32444284226152503,-0.4567637173913662,-0.2773500981126146,0.0,-0.1348399724926484,1.0240998426935128,-0.4279002121398116
119,-0.6723387779331074,0.5961254676095354,2.097165559441822,-1.4654416764591478,-0.5498414147691576,-0.4181210050035455,-0.10976425998969036,0.0,-0.07738232325341368,1.0363754503432014,-0.23791547571544325,-0.07738232325341368,-0.10976425998969036,-0.22360679774997894,-0.32444284226152503,-0.4567637173913662,-0.2773500981126146,0.0,-0.1348399724926484,1.0240998426935128,-0.4279002121398116
102,1.4402599283968274,0.1568285144774401,-0.38912861094837925,-0.9974305875970341,1.8187062180825981,-0.4181210050035455,-0.10976425998969036,0.0,-0.07738232325341368,-0.9649012813540153,-0.23791547571544325,-0.07738232325341368,-0.10976425998969036,-0.22360679774997894,-0.32444284226152503,-0.4567637173913662,-0.2773500981126146,0.0,-0.1348399724926484,-0.9764672918705589,2.3369934663020477
35,-0.2027746950277233,-0.6073754740743936,-0.4551466704416594,-0.222464857456935,-0.5498414147691576,-0.4181210050035455,-0.10976425998969036,0.0,-0.07738232325341368,-0.9649012813540153,-0.23791547571544325,12.922847983320086,-0.10976425998969036,-0.22360679774997894,3.082207001484488,-0.4567637173913662,-0.2773500981126146,0.0,-0.1348399724926484,-0.9764672918705589,-0.4279002121398116
57,-0.7086112843373154,0.43966353909673433,2.019951454771319,-1.52039034681138,-0.5498414147691576,-0.4181210050035455,-0.10976425998969036,0.0,-0.07738232325341368,1.0363754503432014,-0.23791547571544325,-0.07738232325341368,-0.10976425998969036,-0.22360679774997894,-0.32444284226152503,-0.4567637173913662,-0.2773500981126146,0.0,-0.1348399724926484,1.0240998426935128,-0.4279002121398116
65,-0.7256483706786858,-0.6074278227453694,-0.4583664986064194,1.1711471095798447,-0.5498414147691576,-0.4181210050035455,-0.10976425998969036,0.0,-0.07738232325341368,1.0363754503432014,-0.23791547571544325,-0.07738232325341368,-0.10976425998969036,-0.22360679774997894,-0.32444284226152503,-0.4567637173913662,-0.2773500981126146,0.0,-0.1348399724926484,1.0240998426935128,-0.4279002121398116
1,-0.7534572922552453,-0.6074278256338973,-0.4583236447783273,1.1209353935683226,-0.5498414147691576,-0.4181210050035455,-0.10976425998969036,0.0,-0.07738232325341368,1.0363754503432014,-0.23791547571544325,-0.07738232325341368,-0.10976425998969036,-0.22360679774997894,-0.32444284226152503,-0.4567637173913662,-0.2773500981126146,0.0,-0.1348399724926484,1.0240998426935128,-0.4279002121398116
120,-0.7225707034686318,-0.607427826055141,-0.4584452569931834,1.1739892821842706,-0.5498414147691576,-0.4181210050035455,-0.10976425998969036,0.0,-0.07738232325341368,1.0363754503432014,-0.23791547571544325,-0.07738232325341368,-0.10976425998969036,-0.22360679774997894,-0.32444284226152503,-0.4567637173913662,-0.2773500981126146,0.0,-0.1348399724926484,1.0240998426935128,-0.4279002121398116
190,-0.7072922841044351,-0.6074277967486181,-0.4583356129645512,0.6349238782115121,-0.5498414147691576,-0.4181210050035455,-0.10976425998969036,0.0,-0.07738232325341368,1.0363754503432014,-0.23791547571544325,-0.07738232325341368,-0.10976425998969036,-0.22360679774997894,-0.32444284226152503,-0.4567637173913662,-0.2773500981126146,0.0,-0.1348399724926484,1.0240998426935128,-0.4279002121398116
42,-0.7283962878305198,0.2952371435464564,-0.28875027487672517,-1.0220627501687243,-0.5498414147691576,-0.4181210050035455,-0.10976425998969036,0.0,-0.07738232325341368,1.0363754503432014,-0.23791547571544325,-0.07738232325341368,-0.10976425998969036,-0.22360679774997894,-0.32444284226152503,-0.4567637173913662,-0.2773500981126146,0.0,-0.1348399724926484,1.0240998426935128,-0.4279002121398116
105,0.47793934182458087,0.7826762285286444,-0.3775464952478038,-1.0315366588501438,1.8187062180825981,-0.4181210050035455,-0.10976425998969036,0.0,-0.07738232325341368,-0.9649012813540153,-0.23791547571544325,-0.07738232325341368,-0.10976425998969036,-0.22360679774997894,-0.32444284226152503,-0.4567637173913662,-0.2773500981126146,0.0,-0.1348399724926484,-0.9764672918705589,2.3369934663020477
132,-0.7470821244629906,-0.6074277805006487,-0.4580228958406357,0.6065021521672541,-0.5498414147691576,-0.4181210050035455,-0.10976425998969036,0.0,-0.07738232325341368,1.0363754503432014,-0.23791547571544325,-0.07738232325341368,-0.10976425998969036,-0.22360679774997894,-0.32444284226152503,-0.4567637173913662,-0.2773500981126146,0.0,-0.1348399724926484,1.0240998426935128,-0.4279002121398116
207,1.4503722635155762,-0.6074278206993288,-0.45860122948461773,0.512710456221203,1.8187062180825981,-0.4181210050035455,-0.10976425998969036,0.0,-0.07738232325341368,-0.9649012813540153,-0.23791547571544325,-0.07738232325341368,-0.10976425998969036,-0.22360679774997894,-0.32444284226152503,2.189315748875859,-0.2773500981126146,0.0,-0.1348399724926484,-0.9764672918705589,-0.4279002121398116
17,-0.6820114463075628,-0.6074278065575776,-0.4577140394219537,0.5714486900460028,-0.5498414147691576,-0.4181210050035455,-0.10976425998969036,0.0,-0.07738232325341368,1.0363754503432014,-0.23791547571544325,-0.07738232325341368,-0.10976425998969036,-0.22360679774997894,-0.32444284226152503,-0.4567637173913662,-0.2773500981126146,0.0,-0.1348399724926484,1.0240998426935128,-0.4279002121398116
38,-0.43535840275894816,-0.6074196625336654,-0.4564863351576927,-0.029197120355981196,-0.5498414147691576,-0.4181210050035455,-0.10976425998969036,0.0,-0.07738232325341368,-0.9649012813540153,-0.23791547571544325,-0.07738232325341368,-0.10976425998969036,4.472135954999579,-0.32444284226152503,-0.4567637173913662,3.6055512754639896,0.0,-0.1348399724926484,-0.9764672918705589,-0.4279002121398116
133,-0.7592828766171332,-0.6074277762882121,-0.4579649852621328,0.7912433714549305,-0.5498414147691576,-0.4181210050035455,-0.10976425998969036,0.0,-0.07738232325341368,1.0363754503432014,-0.23791547571544325,-0.07738232325341368,-0.10976425998969036,-0.22360679774997894,-0.32444284226152503,-0.4567637173913662,-0.2773500981126146,0.0,-0.1348399724926484,1.0240998426935128,-0.4279002121398116
53,-0.6757461952013815,2.7023437360510885,2.722599807272898,-1.2143830964015363,-0.5498414147691576,-0.4181210050035455,9.110433579144301,0.0,-0.07738232325341368,-0.9649012813540153,-0.23791547571544325,-0.07738232325341368,-0.10976425998969036,-0.22360679774997894,-0.32444284226152503,-0.4567637173913662,-0.2773500981126146,0.0,-0.1348399724926484,1.0240998426935128,-0.4279002121398116
164,-0.10659759471353532,0.8308183603787369,-0.39105896356514186,-1.1471183447634592,1.8187062180825981,-0.4181210050035455,-0.10976425998969036,0.0,-0.07738232325341368,-0.9649012813540153,-0.23791547571544325,-0.07738232325341368,-0.10976425998969036,-0.22360679774997894,-0.32444284226152503,-0.4567637173913662,-0.2773500981126146,0.0,-0.1348399724926484,-0.9764672918705589,2.3369934663020477
186,-0.7615911270246738,-0.6074278258685902,-0.4583915931904374,1.2014636173603865,-0.5498414147691576,-0.4181210050035455,-0.10976425998969036,0.0,-0.07738232325341368,1.0363754503432014,-0.23791547571544325,-0.07738232325341368,-0.10976425998969036,-0.22360679774997894,-0.32444284226152503,-0.4567637173913662,-0.2773500981126146,0.0,-0.1348399724926484,1.0240998426935128,-0.4279002121398116
128,-0.7739017958648898,-0.6074278232508618,-0.45847035157720123,1.4013630905383336,-0.5498414147691576,-0.4181210050035455,-0.10976425998969036,0.0,-0.07738232325341368,1.0363754503432014,-0.23791547571544325,-0.07738232325341368,-0.10976425998969036,-0.22360679774997894,-0.32444284226152503,-0.4567637173913662,-0.2773500981126146,0.0,-0.1348399724926484,1.0240998426935128,-0.4279002121398116
34,-0.4503070720649248,-0.6074229542519307,-0.45688398779674577,0.02669894086439269,-0.5498414147691576,-0.4181210050035455,-0.10976425998969036,0.0,-0.07738232325341368,-0.9649012813540153,-0.23791547571544325,-0.07738232325341368,-0.10976425998969036,4.472135954999579,-0.32444284226152503,-0.4567637173913662,3.6055512754639896,0.0,-0.1348399724926484,-0.9764672918705589,-0.4279002121398116
28,0.20809387751448774,-0.6074278277401155,-0.4586000712730477,0.7410316554434083,-0.5498414147691576,-0.4181210050035455,-0.10976425998969036,0.0,-0.07738232325341368,-0.9649012813540153,-0.23791547571544325,-0.07738232325341368,-0.10976425998969036,4.472135954999579,-0.32444284226152503,-0.4567637173913662,3.6055512754639896,0.0,-0.1348399724926484,-0.9764672918705589,-0.4279002121398116
183,-0.7341119555063343,-0.6074278259227501,-0.45843077934855764,1.1910423178108251,-0.5498414147691576,-0.4181210050035455,-0.10976425998969036,0.0,-0.07738232325341368,1.0363754503432014,-0.23791547571544325,-0.07738232325341368,-0.10976425998969036,-0.22360679774997894,-0.32444284226152503,-0.4567637173913662,-0.2773500981126146,0.0,-0.1348399724926484,1.0240998426935128,-0.4279002121398116
114,-0.6910246145655782,0.186917346883748,2.479375377560813,-1.4805999303494186,-0.5498414147691576,-0.4181210050035455,-0.10976425998969036,0.0,-0.07738232325341368,1.0363754503432014,-0.23791547571544325,-0.07738232325341368,-0.10976425998969036,-0.22360679774997894,-0.32444284226152503,-0.4567637173913662,-0.2773500981126146,0.0,-0.1348399724926484,1.0240998426935128,-0.4279002121398116
163,-0.45558307299644596,0.8669249592663064,-0.27137710132586196,-1.079853593125382,1.8187062180825981,-0.4181210050035455,-0.10976425998969036,0.0,-0.07738232325341368,-0.9649012813540153,-0.23791547571544325,-0.07738232325341368,-0.10976425998969036,-0.22360679774997894,-0.32444284226152503,-0.4567637173913662,-0.2773500981126146,0.0,-0.1348399724926484,-0.9764672918705589,2.3369934663020477
151,-0.10461909436421488,-0.6071991535164926,-0.4538205181939436,-0.440364757129579,-0.5498414147691576,2.39165214862028,-0.10976425998969036,0.0,-0.07738232325341368,-0.9649012813540153,-0.23791547571544325,-0.07738232325341368,-0.10976425998969036,-0.22360679774997894,3.082207001484488,-0.4567637173913662,-0.2773500981126146,0.0,-0.1348399724926484,-0.9764672918705589,-0.4279002121398116
31,2.209676730910331,-0.4338754433231966,-0.4464600836662278,-0.8496376121668929,-0.5498414147691576,2.39165214862028,-0.10976425998969036,0.0,-0.07738232325341368,-0.9649012813540153,-0.23791547571544325,-0.07738232325341368,-0.10976425998969036,-0.22360679774997894,-0.32444284226152503,2.189315748875859,-0.2773500981126146,0.0,-0.1348399724926484,-0.9764672918705589,-0.4279002121398116
196,-0.7424656236479096,-0.6074278206993288,-0.45812327417670734,0.8859824582691236,-0.5498414147691576,-0.4181210050035455,-0.10976425998969036,0.0,-0.07738232325341368,1.0363754503432014,-0.23791547571544325,-0.07738232325341368,-0.10976425998969036,-0.22360679774997894,-0.32444284226152503,-0.4567637173913662,-0.2773500981126146,0.0,-0.1348399724926484,1.0240998426935128,-0.4279002121398116
127,-0.773352212434523,-0.6074278274994048,-0.45844776645158514,1.1313566931178838,-0.5498414147691576,-0.4181210050035455,-0.10976425998969036,0.0,-0.07738232325341368,1.0363754503432014,-0.23791547571544325,-0.07738232325341368,-0.10976425998969036,-0.22360679774997894,-0.32444284226152503,-0.4567637173913662,-0.2773500981126146,0.0,-0.1348399724926484,1.0240998426935128,-0.4279002121398116
185,-0.770274545224469,-0.6074278265245268,-0.4584334818422211,1.1521992922170061,-0.5498414147691576,-0.4181210050035455,-0.10976425998969036,0.0,-0.07738232325341368,1.0363754503432014,-0.23791547571544325,-0.07738232325341368,-0.10976425998969036,-0.22360679774997894,-0.32444284226152503,-0.4567637173913662,-0.2773500981126146,0.0,-0.1348399724926484,1.0240998426935128,-0.4279002121398116
212,0.3508756527237794,-0.6026858286555464,-0.4470546322721907,-0.46310213796498534,-0.5498414147691576,2.39165214862028,-0.10976425998969036,0.0,-0.07738232325341368,-0.9649012813540153,-0.23791547571544325,-0.07738232325341368,-0.10976425998969036,-0.22360679774997894,3.082207001484488,-0.4567637173913662,-0.2773500981126146,0.0,-0.1348399724926484,-0.9764672918705589,-0.4279002121398116
222,-0.056475585864084216,1.4563050084410656,-0.2694467487090994,-1.1130122735103496,1.8187062180825981,-0.4181210050035455,-0.10976425998969036,0.0,-0.07738232325341368,-0.9649012813540153,-0.23791547571544325,-0.07738232325341368,-0.10976425998969036,-0.22360679774997894,-0.32444284226152503,-0.4567637173913662,-0.2773500981126146,0.0,-0.1348399724926484,-0.9764672918705589,2.3369934663020477
32,0.5912634451662127,-0.6005916459200674,-0.44472276631114155,-0.6383694485712424,-0.5498414147691576,2.39165214862028,-0.10976425998969036,0.0,-0.07738232325341368,-0.9649012813540153,-0.23791547571544325,-0.07738232325341368,-0.10976425998969036,-0.22360679774997894,-0.32444284226152503,2.189315748875859,-0.2773500981126146,0.0,-0.1348399724926484,-0.9764672918705589,-0.4279002121398116
167,1.8110089105222626,0.5840899346470123,-0.38333755309809153,-1.0040623236740276,1.8187062180825981,-0.4181210050035455,-0.10976425998969036,0.0,-0.07738232325341368,-0.9649012813540153,-0.23791547571544325,-0.07738232325341368,-0.10976425998969036,-0.22360679774997894,-0.32444284226152503,-0.4567637173913662,-0.2773500981126146,0.0,-0.1348399724926484,-0.9764672918705589,2.3369934663020477
142,0.9225523369913127,-0.607427820819684,-0.45860327565839154,0.7590320819381049,1.8187062180825981,-0.4181210050035455,-0.10976425998969036,0.0,-0.07738232325341368,-0.9649012813540153,-0.23791547571544325,-0.07738232325341368,-0.10976425998969036,-0.22360679774997894,-0.32444284226152503,2.189315748875859,-0.2773500981126146,0.0,-0.1348399724926484,-0.9764672918705589,-0.4279002121398116
200,0.7576773078812762,-0.6074278202179075,-0.4585979478851693,0.7675585997513823,1.8187062180825981,-0.4181210050035455,-0.10976425998969036,0.0,-0.07738232325341368,-0.9649012813540153,-0.23791547571544325,-0.07738232325341368,-0.10976425998969036,-0.22360679774997894,-0.32444284226152503,2.189315748875859,-0.2773500981126146,0.0,-0.1348399724926484,-0.9764672918705589,-0.4279002121398116
147,0.531468767942306,-0.6074278279808263,-0.4586040864064906,0.7694533814876663,-0.5498414147691576,-0.4181210050035455,-0.10976425998969036,0.0,-0.07738232325341368,-0.9649012813540153,4.203173404306164,-0.07738232325341368,-0.10976425998969036,-0.22360679774997894,-0.32444284226152503,-0.4567637173913662,3.6055512754639896,0.0,-0.1348399724926484,-0.9764672918705589,-0.4279002121398116
29,-0.29312621098002334,-0.6074278281613592,-0.4585962105678142,0.8821928947965559,-0.5498414147691576,-0.4181210050035455,-0.10976425998969036,0.0,12.922847983320086,-0.9649012813540153,-0.23791547571544325,-0.07738232325341368,-0.10976425998969036,-0.22360679774997894,-0.32444284226152503,-0.4567637173913662,3.6055512754639896,0.0,-0.1348399724926484,-0.9764672918705589,-0.4279002121398116
177,0.12125969551653516,0.415592473171688,2.9754760000687956,-1.3896504070077933,-0.5498414147691576,2.39165214862028,-0.10976425998969036,0.0,-0.07738232325341368,-0.9649012813540153,-0.23791547571544325,-0.07738232325341368,-0.10976425998969036,-0.22360679774997894,-0.32444284226152503,2.189315748875859,-0.2773500981126146,0.0,-0.1348399724926484,-0.9764672918705589,-0.4279002121398116
99,2.8810478494464,0.5840899346470123,-0.43893170846085383,-0.8685854295297316,1.8187062180825981,-0.4181210050035455,-0.10976425998969036,0.0,-0.07738232325341368,-0.9649012813540153,-0.23791547571544325,-0.07738232325341368,-0.10976425998969036,-0.22360679774997894,-0.32444284226152503,-0.4567637173913662,-0.2773500981126146,0.0,-0.1348399724926484,-0.9764672918705589,2.3369934663020477
82,-0.10626784465531525,-0.6074278252728313,-0.4586029668019728,0.853771168752298,-0.5498414147691576,-0.4181210050035455,-0.10976425998969036,0.0,-0.07738232325341368,-0.9649012813540153,4.203173404306164,-0.07738232325341368,-0.10976425998969036,-0.22360679774997894,3.082207001484488,-0.4567637173913662,-0.2773500981126146,0.0,-0.1348399724926484,-0.9764672918705589,-0.4279002121398116
236,2.301896830525878,4.4116421629215905,1.8462197192626868,-1.4588099403821544,1.8187062180825981,-0.4181210050035455,-0.10976425998969036,0.0,-0.07738232325341368,-0.9649012813540153,-0.23791547571544325,-0.07738232325341368,-0.10976425998969036,-0.22360679774997894,-0.32444284226152503,-0.4567637173913662,-0.2773500981126146,0.0,-0.1348399724926484,-0.9764672918705589,2.3369934663020477
175,-0.6905849478212848,0.26514831114014853,2.539216308680453,-1.1821718068847107,-0.5498414147691576,-0.4181210050035455,-0.10976425998969036,0.0,-0.07738232325341368,1.0363754503432014,-0.23791547571544325,-0.07738232325341368,-0.10976425998969036,-0.22360679774997894,-0.32444284226152503,-0.4567637173913662,-0.2773500981126146,0.0,-0.1348399724926484,1.0240998426935128,-0.4279002121398116
79,-0.7407069566707358,-0.6074278205187957,-0.4583105183805333,0.8727189861151367,-0.5498414147691576,-0.4181210050035455,-0.10976425998969036,0.0,-0.07738232325341368,1.0363754503432014,-0.23791547571544325,-0.07738232325341368,-0.10976425998969036,-0.22360679774997894,-0.32444284226152503,-0.4567637173913662,-0.2773500981126146,0.0,-0.1348399724926484,1.0240998426935128,-0.4279002121398116
197,-0.7035551167779409,-0.6074278211205725,-0.45797270667259987,0.9636685094567619,-0.5498414147691576,-0.4181210050035455,-0.10976425998969036,0.0,-0.07738232325341368,1.0363754503432014,-0.23791547571544325,-0.07738232325341368,-0.10976425998969036,-0.22360679774997894,-0.32444284226152503,-0.4567637173913662,-0.2773500981126146,0.0,-0.1348399724926484,1.0240998426935128,-0.4279002121398116
208,0.8818831631441704,-0.6074278219630598,-0.4586008434140944,0.6529243047062088,1.8187062180825981,-0.4181210050035455,-0.10976425998969036,0.0,-0.07738232325341368,-0.9649012813540153,-0.23791547571544325,-0.07738232325341368,-0.10976425998969036,-0.22360679774997894,-0.32444284226152503,2.189315748875859,-0.2773500981126146,0.0,-0.1348399724926484,-0.9764672918705589,-0.4279002121398116
115,-0.6972898656717595,0.26514831114014853,2.097165559441822,-1.4967055751078315,-0.5498414147691576,-0.4181210050035455,-0.10976425998969036,0.0,-0.07738232325341368,1.0363754503432014,-0.23791547571544325,-0.07738232325341368,-0.10976425998969036,-0.22360679774997894,-0.32444284226152503,-0.4567637173913662,-0.2773500981126146,0.0,-0.1348399724926484,1.0240998426935128,-0.4279002121398116
148,-0.238937284745858,-0.6074278278002933,-0.4586043566558569,0.9513524281709169,-0.5498414147691576,-0.4181210050035455,-0.10976425998969036,0.0,-0.07738232325341368,-0.9649012813540153,4.203173404306164,-0.07738232325341368,-0.10976425998969036,-0.22360679774997894,3.082207001484488,-0.4567637173913662,-0.2773500981126146,0.0,-0.1348399724926484,-0.9764672918705589,-0.4279002121398116
232,2.483259362546918,3.294672490801666,3.302670768610053,-1.4787051486131348,1.8187062180825981,-0.4181210050035455,-0.10976425998969036,0.0,-0.07738232325341368,-0.9649012813540153,-0.23791547571544325,-0.07738232325341368,-0.10976425998969036,-0.22360679774997894,-0.32444284226152503,-0.4567637173913662,-0.2773500981126146,0.0,-0.1348399724926484,-0.9764672918705589,2.3369934663020477
72,-0.7246591205040256,-0.6074277774917655,-0.4582738416808148,0.798822498400066,-0.5498414147691576,-0.4181210050035455,-0.10976425998969036,0.0,-0.07738232325341368,1.0363754503432014,-0.23791547571544325,-0.07738232325341368,-0.10976425998969036,-0.22360679774997894,-0.32444284226152503,-0.4567637173913662,-0.2773500981126146,0.0,-0.1348399724926484,1.0240998426935128,-0.4279002121398116
77,-0.720482286433238,-0.6074278196161308,-0.458028686898486,0.6728195129371892,-0.5498414147691576,-0.4181210050035455,-0.10976425998969036,0.0,-0.07738232325341368,1.0363754503432014,-0.23791547571544325,-0.07738232325341368,-0.10976425998969036,-0.22360679774997894,-0.32444284226152503,-0.4567637173913662,-0.2773500981126146,0.0,-0.1348399724926484,1.0240998426935128,-0.4279002121398116
25,0.33999390080251696,-0.6074278281312704,-0.45860231048208316,0.7069255841902988,-0.5498414147691576,-0.4181210050035455,-0.10976425998969036,0.0,-0.07738232325341368,-0.9649012813540153,-0.23791547571544325,-0.07738232325341368,-0.10976425998969036,4.472135954999579,-0.32444284226152503,-0.4567637173913662,3.6055512754639896,0.0,-0.1348399724926484,-0.9764672918705589,-0.4279002121398116
165,-0.28741054330420873,0.1808995804024864,-0.41229284234953023,-1.135749654345756,1.8187062180825981,-0.4181210050035455,-0.10976425998969036,0.0,-0.07738232325341368,-0.9649012813540153,-0.23791547571544325,-0.07738232325341368,-0.10976425998969036,-0.22360679774997894,-0.32444284226152503,-0.4567637173913662,-0.2773500981126146,0.0,-0.1348399724926484,-0.9764672918705589,2.3369934663020477
81,0.07443518724928479,-0.6074278278002933,-0.45860354590775787,0.6870303759593183,-0.5498414147691576,-0.4181210050035455,-0.10976425998969036,0.0,-0.07738232325341368,-0.9649012813540153,4.203173404306164,-0.07738232325341368,-0.10976425998969036,-0.22360679774997894,-0.32444284226152503,-0.4567637173913662,3.6055512754639896,0.0,-0.1348399724926484,-0.9764672918705589,-0.4279002121398116
225,0.9713553456078835,0.7452457210151974,-0.3698250847807535,-1.1575396443130204,1.8187062180825981,-0.4181210050035455,-0.10976425998969036,0.0,-0.07738232325341368,-0.9649012813540153,-0.23791547571544325,-0.07738232325341368,-0.10976425998969036,-0.22360679774997894,-0.32444284226152503,-0.4567637173913662,-0.2773500981126146,0.0,-0.1348399724926484,-0.9764672918705589,2.3369934663020477
174,-0.6921237814263117,0.8368361268599985,1.8384983087956366,-1.1992248425112655,-0.5498414147691576,-0.4181210050035455,-0.10976425998969036,0.0,-0.07738232325341368,1.0363754503432014,-0.23791547571544325,-0.07738232325341368,-0.10976425998969036,-0.22360679774997894,-0.32444284226152503,-0.4567637173913662,-0.2773500981126146,0.0,-0.1348399724926484,1.0240998426935128,-0.4279002121398116
228,1.4507020135737965,1.485671708869622,-0.29261098011025033,-1.0111677551850922,1.8187062180825981,-0.4181210050035455,-0.10976425998969036,0.0,-0.07738232325341368,-0.9649012813540153,-0.23791547571544325,-0.07738232325341368,-0.10976425998969036,-0.22360679774997894,-0.32444284226152503,-0.4567637173913662,-0.2773500981126146,0.0,-0.1348399724926484,-0.9764672918705589,2.3369934663020477
39,-0.47371932619855,-0.6074229000920324,-0.4567102560612371,0.02480415912810887,-0.5498414147691576,-0.4181210050035455,-0.10976425998969036,0.0,-0.07738232325341368,-0.9649012813540153,-0.23791547571544325,-0.07738232325341368,-0.10976425998969036,4.472135954999579,-0.32444284226152503,-0.4567637173913662,3.6055512754639896,0.0,-0.1348399724926484,-0.9764672918705589,-0.4279002121398116
193,-0.7347714556227745,-0.6074278190143542,-0.4578916318626959,0.7660427743623551,-0.5498414147691576,-0.4181210050035455,-0.10976425998969036,0.0,-0.07738232325341368,1.0363754503432014,-0.23791547571544325,-0.07738232325341368,-0.10976425998969036,-0.22360679774997894,-0.32444284226152503,-0.4567637173913662,-0.2773500981126146,0.0,-0.1348399724926484,1.0240998426935128,-0.4279002121398116
58,-0.6754164451431613,0.6502853659408897,1.3848654438564305,-1.5166007833388122,-0.5498414147691576,-0.4181210050035455,-0.10976425998969036,0.0,-0.07738232325341368,1.0363754503432014,-0.23791547571544325,-0.07738232325341368,-0.10976425998969036,-0.22360679774997894,-0.32444284226152503,-0.4567637173913662,-0.2773500981126146,0.0,-0.1348399724926484,1.0240998426935128,-0.4279002121398116
140,0.3872580758140608,-0.6074278250922983,-0.45860236839266166,0.8433498692027368,-0.5498414147691576,2.39165214862028,-0.10976425998969036,0.0,-0.07738232325341368,-0.9649012813540153,-0.23791547571544325,-0.07738232325341368,-0.10976425998969036,-0.22360679774997894,-0.32444284226152503,2.189315748875859,-0.2773500981126146,0.0,-0.1348399724926484,-0.9764672918705589,-0.4279002121398116
88,0.4202330816360681,-0.6074278275595826,-0.4586040864064906,0.7770325084328017,-0.5498414147691576,-0.4181210050035455,-0.10976425998969036,0.0,-0.07738232325341368,-0.9649012813540153,4.203173404306164,-0.07738232325341368,-0.10976425998969036,-0.22360679774997894,-0.32444284226152503,-0.4567637173913662,3.6055512754639896,0.0,-0.1348399724926484,-0.9764672918705589,-0.4279002121398116
216,-0.06340033708670575,-0.6072533134148239,-0.4549343316538156,-0.3346359362449396,-0.5498414147691576,2.39165214862028,-0.10976425998969036,0.0,-0.07738232325341368,-0.9649012813540153,-0.23791547571544325,-0.07738232325341368,-0.10976425998969036,-0.22360679774997894,3.082207001484488,-0.4567637173913662,-0.2773500981126146,0.0,-0.1348399724926484,-0.9764672918705589,-0.4279002121398116
70,-0.720152536375018,-0.6074277022696845,-0.45809431888745594,0.7135573202672923,-0.5498414147691576,-0.4181210050035455,-0.10976425998969036,0.0,-0.07738232325341368,1.0363754503432014,-0.23791547571544325,-0.07738232325341368,-0.10976425998969036,-0.22360679774997894,-0.32444284226152503,-0.4567637173913662,-0.2773500981126146,0.0,-0.1348399724926484,1.0240998426935128,-0.4279002121398116
87,0.11906136179506802,-0.6074278241896334,-0.45860451108406625,0.608396933903538,-0.5498414147691576,2.39165214862028,-0.10976425998969036,0.0,-0.07738232325341368,-0.9649012813540153,-0.23791547571544325,-0.07738232325341368,-0.10976425998969036,-0.22360679774997894,-0.32444284226152503,2.189315748875859,-0.2773500981126146,0.0,-0.1348399724926484,-0.9764672918705589,-0.4279002121398116
36,-0.3451168034927215,-0.6074192232367124,-0.456459310221058,-0.22341224832507692,-0.5498414147691576,-0.4181210050035455,-0.10976425998969036,0.0,-0.07738232325341368,-0.9649012813540153,-0.23791547571544325,-0.07738232325341368,-0.10976425998969036,4.472135954999579,-0.32444284226152503,-0.4567637173913662,3.6055512754639896,0.0,-0.1348399724926484,-0.9764672918705589,-0.4279002121398116
21,-0.23706870108261088,-0.6074278256940749,-0.4585974846005413,0.8765085495877043,-0.5498414147691576,-0.4181210050035455,-0.10976425998969036,0.0,-0.07738232325341368,-0.9649012813540153,4.203173404306164,-0.07738232325341368,-0.10976425998969036,-0.22360679774997894,3.082207001484488,-0.4567637173913662,-0.2773500981126146,0.0,-0.1348399724926484,-0.9764672918705589,-0.4279002121398116
211,0.012662009676057772,-0.6041060215451242,-0.44731716022807044,-0.4505018394186977,-0.5498414147691576,2.39165214862028,-0.10976425998969036,0.0,-0.07738232325341368,-0.9649012813540153,-0.23791547571544325,-0.07738232325341368,-0.10976425998969036,-0.22360679774997894,3.082207001484488,-0.4567637173913662,-0.2773500981126146,0.0,-0.1348399724926484,-0.9764672918705589,-0.4279002121398116
9,-0.7910487988923336,-0.6074278275595826,-0.458370359311653,1.0688288958205163,-0.5498414147691576,-0.4181210050035455,-0.10976425998969036,0.0,-0.07738232325341368,1.0363754503432014,-0.23791547571544325,-0.07738232325341368,-0.10976425998969036,-0.22360679774997894,-0.32444284226152503,-0.4567637173913662,-0.2773500981126146,0.0,-0.1348399724926484,1.0240998426935128,-0.4279002121398116
103,0.7939498142854842,0.8067472944536906,-0.29840203796053805,-1.1044857556970724,1.8187062180825981,-0.4181210050035455,-0.10976425998969036,0.0,-0.07738232325341368,-0.9649012813540153,-0.23791547571544325,-0.07738232325341368,-0.10976425998969036,-0.22360679774997894,-0.32444284226152503,-0.4567637173913662,-0.2773500981126146,0.0,-0.1348399724926484,-0.9764672918705589,2.3369934663020477
195,-0.6923436147984584,-0.607427812394811,-0.45732796889860117,0.8430656519422942,-0.5498414147691576,-0.4181210050035455,-0.10976425998969036,0.0,-0.07738232325341368,1.0363754503432014,-0.23791547571544325,-0.07738232325341368,-0.10976425998969036,-0.22360679774997894,-0.32444284226152503,-0.4567637173913662,-0.2773500981126146,0.0,-0.1348399724926484,1.0240998426935128,-0.4279002121398116
67,-0.7781885466217507,-0.6074278227453694,-0.458445450028445,1.1067245305461935,-0.5498414147691576,-0.4181210050035455,-0.10976425998969036,0.0,-0.07738232325341368,1.0363754503432014,-0.23791547571544325,-0.07738232325341368,-0.10976425998969036,-0.22360679774997894,-0.32444284226152503,-0.4567637173913662,-0.2773500981126146,0.0,-0.1348399724926484,1.0240998426935128,-0.4279002121398116
192,-0.7587332931867665,-0.607427785314862,-0.45808080641913856,0.8225072701036142,-0.5498414147691576,-0.4181210050035455,-0.10976425998969036,0.0,-0.07738232325341368,1.0363754503432014,-0.23791547571544325,-0.07738232325341368,-0.10976425998969036,-0.22360679774997894,-0.32444284226152503,-0.4567637173913662,-0.2773500981126146,0.0,-0.1348399724926484,1.0240998426935128,-0.4279002121398116
117,-0.6893758642744778,-0.16211310902942364,1.2323675871321869,-1.422809087392761,-0.5498414147691576,-0.4181210050035455,-0.10976425998969036,0.0,-0.07738232325341368,1.0363754503432014,-0.23791547571544325,-0.07738232325341368,-0.10976425998969036,-0.22360679774997894,-0.32444284226152503,-0.4567637173913662,-0.2773500981126146,0.0,-0.1348399724926484,1.0240998426935128,-0.4279002121398116
47,-0.694981615264219,0.5961254676095354,-0.2868199222599626,-0.9481662624536538,-0.5498414147691576,-0.4181210050035455,-0.10976425998969036,0.0,-0.07738232325341368,1.0363754503432014,-0.23791547571544325,-0.07738232325341368,-0.10976425998969036,-0.22360679774997894,-0.32444284226152503,-0.4567637173913662,-0.2773500981126146,0.0,-0.1348399724926484,1.0240998426935128,-0.4279002121398116
172,-0.6166110180939149,3.183765054552015,2.079792385890959,-1.323333046237858,-0.5498414147691576,-0.4181210050035455,9.110433579144301,0.0,-0.07738232325341368,-0.9649012813540153,-0.23791547571544325,-0.07738232325341368,-0.10976425998969036,-0.22360679774997894,-0.32444284226152503,-0.4567637173913662,-0.2773500981126146,0.0,7.416198487095662,-0.9764672918705589,-0.4279002121398116
